{
    "results": {
        "tool": {
            "name": "pytest",
            "version": "8.4.1"
        },
        "summary": {
            "tests": 2,
            "passed": 2,
            "failed": 0,
            "skipped": 0,
            "pending": 0,
            "other": 0,
            "start": 1772856622.4647794,
            "stop": 1772856622.4871442
        },
        "tests": [
            {
                "name": "test_outputs.py::test_about_file",
                "status": "passed",
                "duration": 0.0008763339719735086,
                "start": 1772856622.4850204,
                "stop": 1772856622.4862309,
                "retries": 0,
                "file_path": "test_outputs.py"
            },
            {
                "name": "test_outputs.py::test_layout_file",
                "status": "passed",
                "duration": 0.00032429100247099996,
                "start": 1772856622.4863696,
                "stop": 1772856622.48684,
                "retries": 0,
                "file_path": "test_outputs.py"
            }
        ]
    }
}